Workbook

Sheet Entities
A1: entity | B1: listed_parent | C1: ticker | D1: exchange | E1: currency | F1: note
A2: Agnico Eagle Mexico SA de CV | B2: Agnico Eagle Mines Ltd | C2: AEM | D2: NYSE | E2: USD | F2: Wholly owned subsidiary
A3: Agnico-Eagle Mines Limited | B3: Agnico Eagle Mines Ltd | C3: AEM | D3: NYSE | E3: USD
A4: Anglo Corporate Services South Africa | B4: Anglo American plc | C4: AAL.L | D4: LSE | E4: GBp | F4: Wholly owned subsidiary
A5: ArcelorMittal Mining UK Ltd | B5: ArcelorMittal SA | C5: MT | D5: NYSE | E5: USD | F5: Wholly owned subsidiary
A6: ASARCO, LLC | B6: Grupo Mexico SAB de CV | C6: GMEXICOB.MX | D6: BMV | E6: MXN | F6: Owned via Americas Mining Corp
A7: Barrick Gold of North America, Inc. | B7: Barrick Mining Corp | C7: B | D7: NYSE | E7: USD | F7: NYSE ticker was GOLD until May 2025
A8: BHP Billiton Iron Ore Pty Ltd | B8: BHP Group Ltd | C8: BHP.AX | D8: ASX | E8: AUD | F8: Wholly owned subsidiary
A9: BHP Canada Inc. | B9: BHP Group Ltd | C9: BHP.AX | D9: ASX | E9: AUD | F9: Wholly owned subsidiary
A10: Codelco Chile | F10: State-owned (Chile) - no listed shares
A11: Evolution Mining | B11: Evolution Mining Ltd | C11: EVN.AX | D11: ASX | E11: AUD
A12: FMG Procurement Services Pty Ltd | B12: Fortescue Ltd | C12: FMG.AX | D12: ASX | E12: AUD | F12: Wholly owned subsidiary
A13: Freeport McMoRan Inc. - Corporate Acc. | B13: Freeport-McMoRan Inc | C13: FCX | D13: NYSE | E13: USD
A14: Fresnillo Chile SPA | B14: Fresnillo plc | C14: FRES.L | D14: LSE | E14: GBp | F14: Wholly owned subsidiary
A15: Greenstone Gold Mines | B15: Equinox Gold Corp | C15: EQX | D15: NYSE American | E15: USD | F15: Equinox 100% since 2024 (earlier Premier Gold/Centerra/Orion JV)
A16: Industrial Minera Mexico S.A. de C.V. | B16: Southern Copper Corp | C16: SCCO | D16: NYSE | E16: USD | F16: Part of Minera Mexico (Southern Copper / Grupo Mexico)
A17: Lundin Mining Corporation | B17: Lundin Mining Corp | C17: LUN.TO | D17: TSX | E17: CAD
A18: Luossavaara-Kiirunavaara AB | F18: LKAB - state-owned (Sweden) - no listed shares
A19: Maaden - Exploration | B19: Saudi Arabian Mining Co (Maaden) | C19: 1211.SR | D19: Tadawul | E19: SAR
A20: MIM - a Glencore Company | B20: Glencore plc | C20: GLEN.L | D20: LSE | E20: GBp | F20: Mount Isa Mines - wholly owned
A21: Minera Escondida Ltda | B21: BHP Group Ltd | C21: BHP.AX | D21: ASX | E21: AUD | F21: BHP 57.5% / Rio Tinto 30% / JECO 12.5%
A22: Mineral Resources Limited | B22: Mineral Resources Ltd | C22: MIN.AX | D22: ASX | E22: AUD
A23: MMG | B23: MMG Ltd | C23: 1208.HK | D23: HKEX | E23: HKD
A24: Newmont Goldcorp Services Pty Ltd | B24: Newmont Corp | C24: NEM | D24: NYSE | E24: USD | F24: Wholly owned subsidiary
A25: NEXA RECURSOS MINERAIS S/A | B25: Nexa Resources SA | C25: NEXA | D25: NYSE | E25: USD | F25: Listed Oct 2017
A26: Northern Star Resources Limited | B26: Northern Star Resources Ltd | C26: NST.AX | D26: ASX | E26: AUD
A27: PT Vale Indonesia TBK | B27: PT Vale Indonesia Tbk | C27: INCO.JK | D27: IDX | E27: IDR
A28: PT Vale Indonesia TBK, OPG Tech Dept. | B28: PT Vale Indonesia Tbk | C28: INCO.JK | D28: IDX | E28: IDR
A29: Rio Tinto IS&T Asia Pacific | B29: Rio Tinto plc | C29: RIO.L | D29: LSE | E29: GBp | F29: Wholly owned subsidiary
A30: SGC - Servicio Geologico da Colombia | F30: Government agency (Colombia) - no shares
A31: VALE S.A. | B31: Vale SA | C31: VALE3.SA | D31: B3 | E31: BRL
A32: Vale S/A | B32: Vale SA | C32: VALE3.SA | D32: B3 | E32: BRL
A33: Zangge Mining Co., Ltd | B33: Zangge Mining Co Ltd | C33: 000408.SZ | D33: SZSE | E33: CNY
A34: Zijin Mining Corporation Co.,Ltd | B34: Zijin Mining Group Co Ltd | C34: 2899.HK | D34: HKEX | E34: HKD | F34: H-shares; A-shares are 601899.SS

Sheet Revenue
A1: ticker | B1: company | C1: currency | D1: fiscal year ends | E1: 2017 | F1: 2018 | G1: 2019 | H1: 2020 | I1: 2021 | J1: 2022 | K1: 2023 | L1: 2024 | M1: 2025 | N1: 2026
A2: 000408.SZ | B2: Zangge Mining Co Ltd | C2: CNY | D2: 31 Dec | I2: 3622.59 | J2: 8193.91 | K2: 5225.72 | L2: 3250.8 | M2: 3576.75
A3: 1208.HK | B3: MMG Ltd | C3: USD | D3: 31 Dec | I3: 4252.7 | J3: 3254.2 | K3: 4346.5 | L3: 4479.2 | M3: 6218
A4: 1211.SR | B4: Saudi Arabian Mining Co (Maaden) | C4: SAR | D4: 31 Dec | I4: 26769.01 | J4: 40277.12 | K4: 29271.93 | L4: 32546.16 | M4: 38577.73
A5: 2899.HK | B5: Zijin Mining Group Co Ltd | C5: CNY | D5: 31 Dec | J5: 270329 | K5: 293403.24 | L5: 303639.96 | M5: 349079.08
A6: AAL.L | B6: Anglo American plc | C6: USD | D6: 31 Dec | I6: 41554 | J6: 35118 | K6: 30652 | L6: 17745 | M6: 18546
A7: AEM | B7: Agnico Eagle Mines Ltd | C7: USD | D7: 31 Dec | I7: 3869.62 | J7: 5741.16 | K7: 6626.91 | L7: 8285.75 | M7: 11907.85
A8: B | B8: Barrick Mining Corp | C8: USD | D8: 31 Dec | I8: 11985 | J8: 11013 | K8: 11397 | L8: 12922 | M8: 16956
A9: BHP.AX | B9: BHP Group Ltd | C9: USD | D9: 30 Jun | J9: 65098 | K9: 53817 | L9: 55658 | M9: 51262 | N9: 58760
A10: EQX | B10: Equinox Gold Corp | C10: USD | D10: 31 Dec | I10: 1082.29 | J10: 952.2 | K10: 1088.19 | L10: 912.84 | M10: 1817.19
A11: EVN.AX | B11: Evolution Mining Ltd | C11: AUD | D11: 30 Jun | J11: 2064.93 | K11: 2226.93 | L11: 3215.83 | M11: 4351.48 | N11: 5558.77
A12: FCX | B12: Freeport-McMoRan Inc | C12: USD | D12: 31 Dec | I12: 22845 | J12: 22780 | K12: 22855 | L12: 25455 | M12: 25915
A13: FMG.AX | B13: Fortescue Ltd | C13: USD | D13: 30 Jun | J13: 17390 | K13: 16871 | L13: 18220 | M13: 15541 | N13: 16966
A14: FRES.L | B14: Fresnillo plc | C14: USD | D14: 31 Dec | I14: 2703.09 | J14: 2432.99 | K14: 2705.09 | L14: 3496.39 | M14: 4561.23
A15: GLEN.L | B15: Glencore plc | C15: USD | D15: 31 Dec | I15: 203751 | J15: 255984 | K15: 217829 | L15: 230944 | M15: 247535
A16: GMEXICOB.MX | B16: Grupo Mexico SAB de CV | C16: USD | D16: 31 Dec | J16: 13870.31 | K16: 14366.9 | L16: 16169.45 | M16: 18176.71
A17: INCO.JK | B17: PT Vale Indonesia Tbk | C17: USD | D17: 31 Dec | I17: 953.17 | J17: 1179.45 | K17: 1232.26 | L17: 950.39 | M17: 990.2
A18: LUN.TO | B18: Lundin Mining Corp | C18: USD | D18: 31 Dec | I18: 3328.76 | J18: 3041.23 | K18: 2743.44 | L18: 3270.1 | M18: 4053.2
A19: MIN.AX | B19: Mineral Resources Ltd | C19: AUD | D19: 30 Jun | J19: 3418 | K19: 4779 | L19: 5278 | M19: 4472 | N19: 6461
A20: MT | B20: ArcelorMittal SA | C20: USD | D20: 31 Dec | I20: 76571 | J20: 79844 | K20: 68275 | L20: 62441 | M20: 61352
A21: NEM | B21: Newmont Corp | C21: USD | D21: 31 Dec | I21: 12222 | J21: 11915 | K21: 11812 | L21: 18682 | M21: 22669
A22: NEXA | B22: Nexa Resources SA | C22: USD | D22: 31 Dec | I22: 2622.11 | J22: 3033.99 | K22: 2573.23 | L22: 2766.48 | M22: 3002.05
A23: NST.AX | B23: Northern Star Resources Ltd | C23: AUD | D23: 30 Jun | J23: 3806.3 | K23: 4131.1 | L23: 4921.2 | M23: 6414.9 | N23: 7623.1
A24: RIO.L | B24: Rio Tinto plc | C24: USD | D24: 31 Dec | I24: 63495 | J24: 55554 | K24: 54041 | L24: 53658 | M24: 57638
A25: SCCO | B25: Southern Copper Corp | C25: USD | D25: 31 Dec | I25: 10934.1 | J25: 10047.9 | K25: 9895.8 | L25: 11433.4 | M25: 13420
A26: VALE3.SA | B26: Vale SA | C26: BRL | D26: 31 Dec | I26: 293524 | J26: 226508 | K26: 208066 | L26: 206005 | M26: 213595
A28: Annual revenue in millions of the reporting currency. Column = calendar year the fiscal year ends in (fiscal years ending in January count as the previous year). Blank = no free data (free sources keep only the last ~5 fiscal years). Hover a cell for its exact period and source.

Sheet Revenue USD
A1: ticker | B1: company | C1: currency | D1: fiscal year ends | E1: 2017 | F1: 2018 | G1: 2019 | H1: 2020 | I1: 2021 | J1: 2022 | K1: 2023 | L1: 2024 | M1: 2025 | N1: 2026
A2: 000408.SZ | B2: Zangge Mining Co Ltd | C2: USD | D2: 31 Dec | I2: =IF(OR('Revenue'!I2="",'FX rate used'!I2=""),"",'Revenue'!I2/'FX rate used'!I2) -> 561.64238 | J2: =IF(OR('Revenue'!J2="",'FX rate used'!J2=""),"",'Revenue'!J2/'FX rate used'!J2) -> 1217.6342 | K2: =IF(OR('Revenue'!K2="",'FX rate used'!K2=""),"",'Revenue'!K2/'FX rate used'!K2) -> 738.96725 | L2: =IF(OR('Revenue'!L2="",'FX rate used'!L2=""),"",'Revenue'!L2/'FX rate used'!L2) -> 452.36804 | M2: =IF(OR('Revenue'!M2="",'FX rate used'!M2=""),"",'Revenue'!M2/'FX rate used'!M2) -> 497.68526
A3: 1208.HK | B3: MMG Ltd | C3: USD | D3: 31 Dec | I3: =IF(OR('Revenue'!I3="",'FX rate used'!I3=""),"",'Revenue'!I3/'FX rate used'!I3) -> 4252.7 | J3: =IF(OR('Revenue'!J3="",'FX rate used'!J3=""),"",'Revenue'!J3/'FX rate used'!J3) -> 3254.2 | K3: =IF(OR('Revenue'!K3="",'FX rate used'!K3=""),"",'Revenue'!K3/'FX rate used'!K3) -> 4346.5 | L3: =IF(OR('Revenue'!L3="",'FX rate used'!L3=""),"",'Revenue'!L3/'FX rate used'!L3) -> 4479.2 | M3: =IF(OR('Revenue'!M3="",'FX rate used'!M3=""),"",'Revenue'!M3/'FX rate used'!M3) -> 6218
A4: 1211.SR | B4: Saudi Arabian Mining Co (Maaden) | C4: USD | D4: 31 Dec | I4: =IF(OR('Revenue'!I4="",'FX rate used'!I4=""),"",'Revenue'!I4/'FX rate used'!I4) -> 7143.3973 | J4: =IF(OR('Revenue'!J4="",'FX rate used'!J4=""),"",'Revenue'!J4/'FX rate used'!J4) -> 10738.02 | K4: =IF(OR('Revenue'!K4="",'FX rate used'!K4=""),"",'Revenue'!K4/'FX rate used'!K4) -> 7810.6073 | L4: =IF(OR('Revenue'!L4="",'FX rate used'!L4=""),"",'Revenue'!L4/'FX rate used'!L4) -> 8684.0428 | M4: =IF(OR('Revenue'!M4="",'FX rate used'!M4=""),"",'Revenue'!M4/'FX rate used'!M4) -> 10296.359
A5: 2899.HK | B5: Zijin Mining Group Co Ltd | C5: USD | D5: 31 Dec | J5: =IF(OR('Revenue'!J5="",'FX rate used'!J5=""),"",'Revenue'!J5/'FX rate used'!J5) -> 40171.523 | K5: =IF(OR('Revenue'!K5="",'FX rate used'!K5=""),"",'Revenue'!K5/'FX rate used'!K5) -> 41490.05 | L5: =IF(OR('Revenue'!L5="",'FX rate used'!L5=""),"",'Revenue'!L5/'FX rate used'!L5) -> 42253.296 | M5: =IF(OR('Revenue'!M5="",'FX rate used'!M5=""),"",'Revenue'!M5/'FX rate used'!M5) -> 48572.451
A6: AAL.L | B6: Anglo American plc | C6: USD | D6: 31 Dec | I6: =IF(OR('Revenue'!I6="",'FX rate used'!I6=""),"",'Revenue'!I6/'FX rate used'!I6) -> 41554 | J6: =IF(OR('Revenue'!J6="",'FX rate used'!J6=""),"",'Revenue'!J6/'FX rate used'!J6) -> 35118 | K6: =IF(OR('Revenue'!K6="",'FX rate used'!K6=""),"",'Revenue'!K6/'FX rate used'!K6) -> 30652 | L6: =IF(OR('Revenue'!L6="",'FX rate used'!L6=""),"",'Revenue'!L6/'FX rate used'!L6) -> 17745 | M6: =IF(OR('Revenue'!M6="",'FX rate used'!M6=""),"",'Revenue'!M6/'FX rate used'!M6) -> 18546
A7: AEM | B7: Agnico Eagle Mines Ltd | C7: USD | D7: 31 Dec | I7: =IF(OR('Revenue'!I7="",'FX rate used'!I7=""),"",'Revenue'!I7/'FX rate used'!I7) -> 3869.62 | J7: =IF(OR('Revenue'!J7="",'FX rate used'!J7=""),"",'Revenue'!J7/'FX rate used'!J7) -> 5741.16 | K7: =IF(OR('Revenue'!K7="",'FX rate used'!K7=""),"",'Revenue'!K7/'FX rate used'!K7) -> 6626.91 | L7: =IF(OR('Revenue'!L7="",'FX rate used'!L7=""),"",'Revenue'!L7/'FX rate used'!L7) -> 8285.75 | M7: =IF(OR('Revenue'!M7="",'FX rate used'!M7=""),"",'Revenue'!M7/'FX rate used'!M7) -> 11907.85
A8: B | B8: Barrick Mining Corp | C8: USD | D8: 31 Dec | I8: =IF(OR('Revenue'!I8="",'FX rate used'!I8=""),"",'Revenue'!I8/'FX rate used'!I8) -> 11985 | J8: =IF(OR('Revenue'!J8="",'FX rate used'!J8=""),"",'Revenue'!J8/'FX rate used'!J8) -> 11013 | K8: =IF(OR('Revenue'!K8="",'FX rate used'!K8=""),"",'Revenue'!K8/'FX rate used'!K8) -> 11397 | L8: =IF(OR('Revenue'!L8="",'FX rate used'!L8=""),"",'Revenue'!L8/'FX rate used'!L8) -> 12922 | M8: =IF(OR('Revenue'!M8="",'FX rate used'!M8=""),"",'Revenue'!M8/'FX rate used'!M8) -> 16956
A9: BHP.AX | B9: BHP Group Ltd | C9: USD | D9: 30 Jun | J9: =IF(OR('Revenue'!J9="",'FX rate used'!J9=""),"",'Revenue'!J9/'FX rate used'!J9) -> 65098 | K9: =IF(OR('Revenue'!K9="",'FX rate used'!K9=""),"",'Revenue'!K9/'FX rate used'!K9) -> 53817 | L9: =IF(OR('Revenue'!L9="",'FX rate used'!L9=""),"",'Revenue'!L9/'FX rate used'!L9) -> 55658 | M9: =IF(OR('Revenue'!M9="",'FX rate used'!M9=""),"",'Revenue'!M9/'FX rate used'!M9) -> 51262 | N9: =IF(OR('Revenue'!N9="",'FX rate used'!N9=""),"",'Revenue'!N9/'FX rate used'!N9) -> 58760
A10: EQX | B10: Equinox Gold Corp | C10: USD | D10: 31 Dec | I10: =IF(OR('Revenue'!I10="",'FX rate used'!I10=""),"",'Revenue'!I10/'FX rate used'!I10) -> 1082.29 | J10: =IF(OR('Revenue'!J10="",'FX rate used'!J10=""),"",'Revenue'!J10/'FX rate used'!J10) -> 952.2 | K10: =IF(OR('Revenue'!K10="",'FX rate used'!K10=""),"",'Revenue'!K10/'FX rate used'!K10) -> 1088.19 | L10: =IF(OR('Revenue'!L10="",'FX rate used'!L10=""),"",'Revenue'!L10/'FX rate used'!L10) -> 912.84 | M10: =IF(OR('Revenue'!M10="",'FX rate used'!M10=""),"",'Revenue'!M10/'FX rate used'!M10) -> 1817.19
A11: EVN.AX | B11: Evolution Mining Ltd | C11: USD | D11: 30 Jun | J11: =IF(OR('Revenue'!J11="",'FX rate used'!J11=""),"",'Revenue'!J11/'FX rate used'!J11) -> 1498.1391 | K11: =IF(OR('Revenue'!K11="",'FX rate used'!K11=""),"",'Revenue'!K11/'FX rate used'!K11) -> 1498.3821 | L11: =IF(OR('Revenue'!L11="",'FX rate used'!L11=""),"",'Revenue'!L11/'FX rate used'!L11) -> 2108.2516 | M11: =IF(OR('Revenue'!M11="",'FX rate used'!M11=""),"",'Revenue'!M11/'FX rate used'!M11) -> 2817.6792 | N11: =IF(OR('Revenue'!N11="",'FX rate used'!N11=""),"",'Revenue'!N11/'FX rate used'!N11) -> 3767.2069
A12: FCX | B12: Freeport-McMoRan Inc | C12: USD | D12: 31 Dec | I12: =IF(OR('Revenue'!I12="",'FX rate used'!I12=""),"",'Revenue'!I12/'FX rate used'!I12) -> 22845 | J12: =IF(OR('Revenue'!J12="",'FX rate used'!J12=""),"",'Revenue'!J12/'FX rate used'!J12) -> 22780 | K12: =IF(OR('Revenue'!K12="",'FX rate used'!K12=""),"",'Revenue'!K12/'FX rate used'!K12) -> 22855 | L12: =IF(OR('Revenue'!L12="",'FX rate used'!L12=""),"",'Revenue'!L12/'FX rate used'!L12) -> 25455 | M12: =IF(OR('Revenue'!M12="",'FX rate used'!M12=""),"",'Revenue'!M12/'FX rate used'!M12) -> 25915
A13: FMG.AX | B13: Fortescue Ltd | C13: USD | D13: 30 Jun | J13: =IF(OR('Revenue'!J13="",'FX rate used'!J13=""),"",'Revenue'!J13/'FX rate used'!J13) -> 17390 | K13: =IF(OR('Revenue'!K13="",'FX rate used'!K13=""),"",'Revenue'!K13/'FX rate used'!K13) -> 16871 | L13: =IF(OR('Revenue'!L13="",'FX rate used'!L13=""),"",'Revenue'!L13/'FX rate used'!L13) -> 18220 | M13: =IF(OR('Revenue'!M13="",'FX rate used'!M13=""),"",'Revenue'!M13/'FX rate used'!M13) -> 15541 | N13: =IF(OR('Revenue'!N13="",'FX rate used'!N13=""),"",'Revenue'!N13/'FX rate used'!N13) -> 16966
A14: FRES.L | B14: Fresnillo plc | C14: USD | D14: 31 Dec | I14: =IF(OR('Revenue'!I14="",'FX rate used'!I14=""),"",'Revenue'!I14/'FX rate used'!I14) -> 2703.09 | J14: =IF(OR('Revenue'!J14="",'FX rate used'!J14=""),"",'Revenue'!J14/'FX rate used'!J14) -> 2432.99 | K14: =IF(OR('Revenue'!K14="",'FX rate used'!K14=""),"",'Revenue'!K14/'FX rate used'!K14) -> 2705.09 | L14: =IF(OR('Revenue'!L14="",'FX rate used'!L14=""),"",'Revenue'!L14/'FX rate used'!L14) -> 3496.39 | M14: =IF(OR('Revenue'!M14="",'FX rate used'!M14=""),"",'Revenue'!M14/'FX rate used'!M14) -> 4561.23
A15: GLEN.L | B15: Glencore plc | C15: USD | D15: 31 Dec | I15: =IF(OR('Revenue'!I15="",'FX rate used'!I15=""),"",'Revenue'!I15/'FX rate used'!I15) -> 203751 | J15: =IF(OR('Revenue'!J15="",'FX rate used'!J15=""),"",'Revenue'!J15/'FX rate used'!J15) -> 255984 | K15: =IF(OR('Revenue'!K15="",'FX rate used'!K15=""),"",'Revenue'!K15/'FX rate used'!K15) -> 217829 | L15: =IF(OR('Revenue'!L15="",'FX rate used'!L15=""),"",'Revenue'!L15/'FX rate used'!L15) -> 230944 | M15: =IF(OR('Revenue'!M15="",'FX rate used'!M15=""),"",'Revenue'!M15/'FX rate used'!M15) -> 247535
A16: GMEXICOB.MX | B16: Grupo Mexico SAB de CV | C16: USD | D16: 31 Dec | J16: =IF(OR('Revenue'!J16="",'FX rate used'!J16=""),"",'Revenue'!J16/'FX rate used'!J16) -> 13870.31 | K16: =IF(OR('Revenue'!K16="",'FX rate used'!K16=""),"",'Revenue'!K16/'FX rate used'!K16) -> 14366.9 | L16: =IF(OR('Revenue'!L16="",'FX rate used'!L16=""),"",'Revenue'!L16/'FX rate used'!L16) -> 16169.45 | M16: =IF(OR('Revenue'!M16="",'FX rate used'!M16=""),"",'Revenue'!M16/'FX rate used'!M16) -> 18176.71
A17: INCO.JK | B17: PT Vale Indonesia Tbk | C17: USD | D17: 31 Dec | I17: =IF(OR('Revenue'!I17="",'FX rate used'!I17=""),"",'Revenue'!I17/'FX rate used'!I17) -> 953.17 | J17: =IF(OR('Revenue'!J17="",'FX rate used'!J17=""),"",'Revenue'!J17/'FX rate used'!J17) -> 1179.45 | K17: =IF(OR('Revenue'!K17="",'FX rate used'!K17=""),"",'Revenue'!K17/'FX rate used'!K17) -> 1232.26 | L17: =IF(OR('Revenue'!L17="",'FX rate used'!L17=""),"",'Revenue'!L17/'FX rate used'!L17) -> 950.39 | M17: =IF(OR('Revenue'!M17="",'FX rate used'!M17=""),"",'Revenue'!M17/'FX rate used'!M17) -> 990.2
A18: LUN.TO | B18: Lundin Mining Corp | C18: USD | D18: 31 Dec | I18: =IF(OR('Revenue'!I18="",'FX rate used'!I18=""),"",'Revenue'!I18/'FX rate used'!I18) -> 3328.76 | J18: =IF(OR('Revenue'!J18="",'FX rate used'!J18=""),"",'Revenue'!J18/'FX rate used'!J18) -> 3041.23 | K18: =IF(OR('Revenue'!K18="",'FX rate used'!K18=""),"",'Revenue'!K18/'FX rate used'!K18) -> 2743.44 | L18: =IF(OR('Revenue'!L18="",'FX rate used'!L18=""),"",'Revenue'!L18/'FX rate used'!L18) -> 3270.1 | M18: =IF(OR('Revenue'!M18="",'FX rate used'!M18=""),"",'Revenue'!M18/'FX rate used'!M18) -> 4053.2
A19: MIN.AX | B19: Mineral Resources Ltd | C19: USD | D19: 30 Jun | J19: =IF(OR('Revenue'!J19="",'FX rate used'!J19=""),"",'Revenue'!J19/'FX rate used'!J19) -> 2479.8125 | K19: =IF(OR('Revenue'!K19="",'FX rate used'!K19=""),"",'Revenue'!K19/'FX rate used'!K19) -> 3215.5336 | L19: =IF(OR('Revenue'!L19="",'FX rate used'!L19=""),"",'Revenue'!L19/'FX rate used'!L19) -> 3460.1804 | M19: =IF(OR('Revenue'!M19="",'FX rate used'!M19=""),"",'Revenue'!M19/'FX rate used'!M19) -> 2895.7185 | N19: =IF(OR('Revenue'!N19="",'FX rate used'!N19=""),"",'Revenue'!N19/'FX rate used'!N19) -> 4378.6528
A20: MT | B20: ArcelorMittal SA | C20: USD | D20: 31 Dec | I20: =IF(OR('Revenue'!I20="",'FX rate used'!I20=""),"",'Revenue'!I20/'FX rate used'!I20) -> 76571 | J20: =IF(OR('Revenue'!J20="",'FX rate used'!J20=""),"",'Revenue'!J20/'FX rate used'!J20) -> 79844 | K20: =IF(OR('Revenue'!K20="",'FX rate used'!K20=""),"",'Revenue'!K20/'FX rate used'!K20) -> 68275 | L20: =IF(OR('Revenue'!L20="",'FX rate used'!L20=""),"",'Revenue'!L20/'FX rate used'!L20) -> 62441 | M20: =IF(OR('Revenue'!M20="",'FX rate used'!M20=""),"",'Revenue'!M20/'FX rate used'!M20) -> 61352
A21: NEM | B21: Newmont Corp | C21: USD | D21: 31 Dec | I21: =IF(OR('Revenue'!I21="",'FX rate used'!I21=""),"",'Revenue'!I21/'FX rate used'!I21) -> 12222 | J21: =IF(OR('Revenue'!J21="",'FX rate used'!J21=""),"",'Revenue'!J21/'FX rate used'!J21) -> 11915 | K21: =IF(OR('Revenue'!K21="",'FX rate used'!K21=""),"",'Revenue'!K21/'FX rate used'!K21) -> 11812 | L21: =IF(OR('Revenue'!L21="",'FX rate used'!L21=""),"",'Revenue'!L21/'FX rate used'!L21) -> 18682 | M21: =IF(OR('Revenue'!M21="",'FX rate used'!M21=""),"",'Revenue'!M21/'FX rate used'!M21) -> 22669
A22: NEXA | B22: Nexa Resources SA | C22: USD | D22: 31 Dec | I22: =IF(OR('Revenue'!I22="",'FX rate used'!I22=""),"",'Revenue'!I22/'FX rate used'!I22) -> 2622.11 | J22: =IF(OR('Revenue'!J22="",'FX rate used'!J22=""),"",'Revenue'!J22/'FX rate used'!J22) -> 3033.99 | K22: =IF(OR('Revenue'!K22="",'FX rate used'!K22=""),"",'Revenue'!K22/'FX rate used'!K22) -> 2573.23 | L22: =IF(OR('Revenue'!L22="",'FX rate used'!L22=""),"",'Revenue'!L22/'FX rate used'!L22) -> 2766.48 | M22: =IF(OR('Revenue'!M22="",'FX rate used'!M22=""),"",'Revenue'!M22/'FX rate used'!M22) -> 3002.05
A23: NST.AX | B23: Northern Star Resources Ltd | C23: USD | D23: 30 Jun | J23: =IF(OR('Revenue'!J23="",'FX rate used'!J23=""),"",'Revenue'!J23/'FX rate used'!J23) -> 2761.5303 | K23: =IF(OR('Revenue'!K23="",'FX rate used'!K23=""),"",'Revenue'!K23/'FX rate used'!K23) -> 2779.5963 | L23: =IF(OR('Revenue'!L23="",'FX rate used'!L23=""),"",'Revenue'!L23/'FX rate used'!L23) -> 3226.2675 | M23: =IF(OR('Revenue'!M23="",'FX rate used'!M23=""),"",'Revenue'!M23/'FX rate used'!M23) -> 4153.7891 | N23: =IF(OR('Revenue'!N23="",'FX rate used'!N23=""),"",'Revenue'!N23/'FX rate used'!N23) -> 5166.214
A24: RIO.L | B24: Rio Tinto plc | C24: USD | D24: 31 Dec | I24: =IF(OR('Revenue'!I24="",'FX rate used'!I24=""),"",'Revenue'!I24/'FX rate used'!I24) -> 63495 | J24: =IF(OR('Revenue'!J24="",'FX rate used'!J24=""),"",'Revenue'!J24/'FX rate used'!J24) -> 55554 | K24: =IF(OR('Revenue'!K24="",'FX rate used'!K24=""),"",'Revenue'!K24/'FX rate used'!K24) -> 54041 | L24: =IF(OR('Revenue'!L24="",'FX rate used'!L24=""),"",'Revenue'!L24/'FX rate used'!L24) -> 53658 | M24: =IF(OR('Revenue'!M24="",'FX rate used'!M24=""),"",'Revenue'!M24/'FX rate used'!M24) -> 57638
A25: SCCO | B25: Southern Copper Corp | C25: USD | D25: 31 Dec | I25: =IF(OR('Revenue'!I25="",'FX rate used'!I25=""),"",'Revenue'!I25/'FX rate used'!I25) -> 10934.1 | J25: =IF(OR('Revenue'!J25="",'FX rate used'!J25=""),"",'Revenue'!J25/'FX rate used'!J25) -> 10047.9 | K25: =IF(OR('Revenue'!K25="",'FX rate used'!K25=""),"",'Revenue'!K25/'FX rate used'!K25) -> 9895.8 | L25: =IF(OR('Revenue'!L25="",'FX rate used'!L25=""),"",'Revenue'!L25/'FX rate used'!L25) -> 11433.4 | M25: =IF(OR('Revenue'!M25="",'FX rate used'!M25=""),"",'Revenue'!M25/'FX rate used'!M25) -> 13420
A26: VALE3.SA | B26: Vale SA | C26: USD | D26: 31 Dec | I26: =IF(OR('Revenue'!I26="",'FX rate used'!I26=""),"",'Revenue'!I26/'FX rate used'!I26) -> 54417.95 | J26: =IF(OR('Revenue'!J26="",'FX rate used'!J26=""),"",'Revenue'!J26/'FX rate used'!J26) -> 43880.155 | K26: =IF(OR('Revenue'!K26="",'FX rate used'!K26=""),"",'Revenue'!K26/'FX rate used'!K26) -> 41661.285 | L26: =IF(OR('Revenue'!L26="",'FX rate used'!L26=""),"",'Revenue'!L26/'FX rate used'!L26) -> 38272.631 | M26: =IF(OR('Revenue'!M26="",'FX rate used'!M26=""),"",'Revenue'!M26/'FX rate used'!M26) -> 38225.439
A28: Revenue / average FX rate over that fiscal year (from the 'FX rate used' tab), in USD millions.

Sheet FX rate used
A1: ticker | B1: company | C1: currency | D1: fiscal year ends | E1: 2017 | F1: 2018 | G1: 2019 | H1: 2020 | I1: 2021 | J1: 2022 | K1: 2023 | L1: 2024 | M1: 2025 | N1: 2026
A2: 000408.SZ | B2: Zangge Mining Co Ltd | C2: CNY | D2: 31 Dec | I2: 6.449994 | J2: 6.729369 | K2: 7.071653 | L2: 7.186184 | M2: 7.186771
A3: 1208.HK | B3: MMG Ltd | C3: USD | D3: 31 Dec | I3: 1 | J3: 1 | K3: 1 | L3: 1 | M3: 1
A4: 1211.SR | B4: Saudi Arabian Mining Co (Maaden) | C4: SAR | D4: 31 Dec | I4: 3.747378 | J4: 3.750889 | K4: 3.747715 | L4: 3.747812 | M4: 3.746735
A5: 2899.HK | B5: Zijin Mining Group Co Ltd | C5: CNY | D5: 31 Dec | J5: 6.729369 | K5: 7.071653 | L5: 7.186184 | M5: 7.186771
A6: AAL.L | B6: Anglo American plc | C6: USD | D6: 31 Dec | I6: 1 | J6: 1 | K6: 1 | L6: 1 | M6: 1
A7: AEM | B7: Agnico Eagle Mines Ltd | C7: USD | D7: 31 Dec | I7: 1 | J7: 1 | K7: 1 | L7: 1 | M7: 1
A8: B | B8: Barrick Mining Corp | C8: USD | D8: 31 Dec | I8: 1 | J8: 1 | K8: 1 | L8: 1 | M8: 1
A9: BHP.AX | B9: BHP Group Ltd | C9: USD | D9: 30 Jun | J9: 1 | K9: 1 | L9: 1 | M9: 1 | N9: 1
A10: EQX | B10: Equinox Gold Corp | C10: USD | D10: 31 Dec | I10: 1 | J10: 1 | K10: 1 | L10: 1 | M10: 1
A11: EVN.AX | B11: Evolution Mining Ltd | C11: AUD | D11: 30 Jun | J11: 1.37833 | K11: 1.486223 | L11: 1.525354 | M11: 1.544349 | N11: 1.475568
A12: FCX | B12: Freeport-McMoRan Inc | C12: USD | D12: 31 Dec | I12: 1 | J12: 1 | K12: 1 | L12: 1 | M12: 1
A13: FMG.AX | B13: Fortescue Ltd | C13: USD | D13: 30 Jun | J13: 1 | K13: 1 | L13: 1 | M13: 1 | N13: 1
A14: FRES.L | B14: Fresnillo plc | C14: USD | D14: 31 Dec | I14: 1 | J14: 1 | K14: 1 | L14: 1 | M14: 1
A15: GLEN.L | B15: Glencore plc | C15: USD | D15: 31 Dec | I15: 1 | J15: 1 | K15: 1 | L15: 1 | M15: 1
A16: GMEXICOB.MX | B16: Grupo Mexico SAB de CV | C16: USD | D16: 31 Dec | J16: 1 | K16: 1 | L16: 1 | M16: 1
A17: INCO.JK | B17: PT Vale Indonesia Tbk | C17: USD | D17: 31 Dec | I17: 1 | J17: 1 | K17: 1 | L17: 1 | M17: 1
A18: LUN.TO | B18: Lundin Mining Corp | C18: USD | D18: 31 Dec | I18: 1 | J18: 1 | K18: 1 | L18: 1 | M18: 1
A19: MIN.AX | B19: Mineral Resources Ltd | C19: AUD | D19: 30 Jun | J19: 1.37833 | K19: 1.486223 | L19: 1.525354 | M19: 1.544349 | N19: 1.475568
A20: MT | B20: ArcelorMittal SA | C20: USD | D20: 31 Dec | I20: 1 | J20: 1 | K20: 1 | L20: 1 | M20: 1
A21: NEM | B21: Newmont Corp | C21: USD | D21: 31 Dec | I21: 1 | J21: 1 | K21: 1 | L21: 1 | M21: 1
A22: NEXA | B22: Nexa Resources SA | C22: USD | D22: 31 Dec | I22: 1 | J22: 1 | K22: 1 | L22: 1 | M22: 1
A23: NST.AX | B23: Northern Star Resources Ltd | C23: AUD | D23: 30 Jun | J23: 1.37833 | K23: 1.486223 | L23: 1.525354 | M23: 1.544349 | N23: 1.475568
A24: RIO.L | B24: Rio Tinto plc | C24: USD | D24: 31 Dec | I24: 1 | J24: 1 | K24: 1 | L24: 1 | M24: 1
A25: SCCO | B25: Southern Copper Corp | C25: USD | D25: 31 Dec | I25: 1 | J25: 1 | K25: 1 | L25: 1 | M25: 1
A26: VALE3.SA | B26: Vale SA | C26: BRL | D26: 31 Dec | I26: 5.393882 | J26: 5.161969 | K26: 4.994229 | L26: 5.382567 | M26: 5.587771
A28: Average units of reporting currency per 1 USD over the 12 months of each fiscal year (Yahoo FX closes).

Sheet Verification
A1: StockAnalysis vs Yahoo Finance, same fiscal year (millions, reporting currency)
A2: 91 comparisons across 23 tickers: match: 85, explained: 4, small difference (1-5%): 2
A3: DIFFERENT usually means one source restated the year (e.g. a sold mine moved to discontinued operations); the Revenue tab shows StockAnalysis and flags the cell.
A5: ticker | B5: fiscal_year | C5: period_end | D5: stockanalysis_m | E5: yahoo_m | F5: difference_% | G5: status
A6: VALE3.SA | B6: 2022 | C6: 2022-12-31 | D6: 226508 | E6: 43839 | F6: 416.7 | G6: explained: Vale reports in USD. StockAnalysis converts to BRL (used here, converted back on the USD tab); Yahoo shows the USD figures but labels them BRL.
A7: VALE3.SA | B7: 2023 | C7: 2023-12-31 | D7: 208066 | E7: 41784 | F7: 398 | G7: explained: Vale reports in USD. StockAnalysis converts to BRL (used here, converted back on the USD tab); Yahoo shows the USD figures but labels them BRL.
A8: VALE3.SA | B8: 2024 | C8: 2024-12-31 | D8: 206005 | E8: 38056 | F8: 441.3 | G8: explained: Vale reports in USD. StockAnalysis converts to BRL (used here, converted back on the USD tab); Yahoo shows the USD figures but labels them BRL.
A9: VALE3.SA | B9: 2025 | C9: 2025-12-31 | D9: 213595 | E9: 38403 | F9: 456.2 | G9: explained: Vale reports in USD. StockAnalysis converts to BRL (used here, converted back on the USD tab); Yahoo shows the USD figures but labels them BRL.
A10: 000408.SZ | B10: 2022 | C10: 2023-01-01 | D10: 8193.9 | E10: 8193.9 | F10: 0 | G10: match
A11: 000408.SZ | B11: 2023 | C11: 2023-12-31 | D11: 5225.7 | E11: 5225.7 | F11: 0 | G11: match
A12: 000408.SZ | B12: 2024 | C12: 2024-12-31 | D12: 3250.8 | E12: 3250.8 | F12: 0 | G12: match
A13: 000408.SZ | B13: 2025 | C13: 2025-12-31 | D13: 3576.8 | E13: 3576.8 | F13: 0 | G13: match
A14: 1208.HK | B14: 2022 | C14: 2022-12-31 | D14: 3254.2 | E14: 3254.2 | F14: 0 | G14: match
A15: 1208.HK | B15: 2023 | C15: 2023-12-31 | D15: 4346.5 | E15: 4346.5 | F15: 0 | G15: match
A16: 1208.HK | B16: 2024 | C16: 2024-12-31 | D16: 4479.2 | E16: 4479.2 | F16: 0 | G16: match
A17: 1208.HK | B17: 2025 | C17: 2025-12-31 | D17: 6218 | E17: 6218 | F17: 0 | G17: match
... A96: EVN.AX | B96: 2024 | C96: 2024-06-30 | D96: 3215.8 | E96: 3304 | F96: -2.7 | G96: small difference (1-5%)
